,foreign_men_0 - 4,foreign_men_5 - 9,foreign_men_10 - 14,foreign_men_15 - 19,foreign_men_20 - 24,foreign_men_25 - 29,foreign_men_30 - 34,foreign_men_35 - 39,foreign_men_40 - 44,foreign_men_45 - 49,foreign_men_50 - 54,foreign_men_55 - 59,foreign_men_60 - 64,foreign_men_65 - 69,foreign_men_70 - 74,foreign_men_75 - 79,foreign_men_80 - 84,foreign_men_85 - 89,foreign_men_90 - 94,foreign_men_95 - 99,foreign_men_100 o más,foreign_men_Total,foreign_total_0 - 4,foreign_total_5 - 9,foreign_total_10 - 14,foreign_total_15 - 19,foreign_total_20 - 24,foreign_total_25 - 29,foreign_total_30 - 34,foreign_total_35 - 39,foreign_total_40 - 44,foreign_total_45 - 49,foreign_total_50 - 54,foreign_total_55 - 59,foreign_total_60 - 64,foreign_total_65 - 69,foreign_total_70 - 74,foreign_total_75 - 79,foreign_total_80 - 84,foreign_total_85 - 89,foreign_total_90 - 94,foreign_total_95 - 99,foreign_total_100 o más,foreign_total_Total,foreign_women_0 - 4,foreign_women_5 - 9,foreign_women_10 - 14,foreign_women_15 - 19,foreign_women_20 - 24,foreign_women_25 - 29,foreign_women_30 - 34,foreign_women_35 - 39,foreign_women_40 - 44,foreign_women_45 - 49,foreign_women_50 - 54,foreign_women_55 - 59,foreign_women_60 - 64,foreign_women_65 - 69,foreign_women_70 - 74,foreign_women_75 - 79,foreign_women_80 - 84,foreign_women_85 - 89,foreign_women_90 - 94,foreign_women_95 - 99,foreign_women_100 o más,foreign_women_Total,men_total_0 - 4,men_total_5 - 9,men_total_10 - 14,men_total_15 - 19,men_total_20 - 24,men_total_25 - 29,men_total_30 - 34,men_total_35 - 39,men_total_40 - 44,men_total_45 - 49,men_total_50 - 54,men_total_55 - 59,men_total_60 - 64,men_total_65 - 69,men_total_70 - 74,men_total_75 - 79,men_total_80 - 84,men_total_85 - 89,men_total_90 - 94,men_total_95 - 99,men_total_100 o más,men_total_Total,spanish_men_0 - 4,spanish_men_5 - 9,spanish_men_10 - 14,spanish_men_15 - 19,spanish_men_20 - 24,spanish_men_25 - 29,spanish_men_30 - 34,spanish_men_35 - 39,spanish_men_40 - 44,spanish_men_45 - 49,spanish_men_50 - 54,spanish_men_55 - 59,spanish_men_60 - 64,spanish_men_65 - 69,spanish_men_70 - 74,spanish_men_75 - 79,spanish_men_80 - 84,spanish_men_85 - 89,spanish_men_90 - 94,spanish_men_95 - 99,spanish_men_100 o más,spanish_men_Total,spanish_total_0 - 4,spanish_total_5 - 9,spanish_total_10 - 14,spanish_total_15 - 19,spanish_total_20 - 24,spanish_total_25 - 29,spanish_total_30 - 34,spanish_total_35 - 39,spanish_total_40 - 44,spanish_total_45 - 49,spanish_total_50 - 54,spanish_total_55 - 59,spanish_total_60 - 64,spanish_total_65 - 69,spanish_total_70 - 74,spanish_total_75 - 79,spanish_total_80 - 84,spanish_total_85 - 89,spanish_total_90 - 94,spanish_total_95 - 99,spanish_total_100 o más,spanish_total_Total,spanish_women_0 - 4,spanish_women_5 - 9,spanish_women_10 - 14,spanish_women_15 - 19,spanish_women_20 - 24,spanish_women_25 - 29,spanish_women_30 - 34,spanish_women_35 - 39,spanish_women_40 - 44,spanish_women_45 - 49,spanish_women_50 - 54,spanish_women_55 - 59,spanish_women_60 - 64,spanish_women_65 - 69,spanish_women_70 - 74,spanish_women_75 - 79,spanish_women_80 - 84,spanish_women_85 - 89,spanish_women_90 - 94,spanish_women_95 - 99,spanish_women_100 o más,spanish_women_Total,total_0 - 4,total_5 - 9,total_10 - 14,total_15 - 19,total_20 - 24,total_25 - 29,total_30 - 34,total_35 - 39,total_40 - 44,total_45 - 49,total_50 - 54,total_55 - 59,total_60 - 64,total_65 - 69,total_70 - 74,total_75 - 79,total_80 - 84,total_85 - 89,total_90 - 94,total_95 - 99,total_100 o más,total_Total,women_total_0 - 4,women_total_5 - 9,women_total_10 - 14,women_total_15 - 19,women_total_20 - 24,women_total_25 - 29,women_total_30 - 34,women_total_35 - 39,women_total_40 - 44,women_total_45 - 49,women_total_50 - 54,women_total_55 - 59,women_total_60 - 64,women_total_65 - 69,women_total_70 - 74,women_total_75 - 79,women_total_80 - 84,women_total_85 - 89,women_total_90 - 94,women_total_95 - 99,women_total_100 o más,women_total_Total
Arganzuela,-1.3261225583277096,-1.47697343662074,-1.1589416400969148,-1.3245096546054316,-1.47697343662074,-0.8296698297788551,-0.0831984812930133,-0.09622712354661472,0.13602034163538762,0.09546823333001092,1.555902995773009,1.639546400448726,1.6326745733020414,0.6795636231207972,-0.4991681471522456,-0.26876485934908,-0.2691958071637777,1.5404631742717547,0.16102551141779353,-0.135754522116152,-1.47697343662074,-0.5209618638252592,-1.3259984012262342,-1.47697343662074,-1.1614861207521971,-1.47697343662074,-1.47697343662074,-0.8424946231597304,-0.12760029253804206,-0.15768676819553992,-0.10377374629365632,0.0789144832668911,1.11361175894241,1.2193497466708159,1.6027348532022347,0.08187412010862351,-0.9481768780136179,-0.3997145154285857,-0.2299799450439374,1.1532483762650207,0.871356069449081,0.4605302976465272,-1.47697343662074,-0.8427637318858551,-1.3258753428601695,-1.47697343662074,-1.1641239317790049,-1.47697343662074,-1.47697343662074,-0.8540147044402703,-0.02033675025573545,-0.3690165226002418,-0.3215898946443388,0.06337658397472971,0.5237916957389763,0.9794613585065608,1.583086911886736,-0.4525695011124895,-0.9366146265968311,-0.2004433024376616,0.1547344512672922,0.6252500751144637,1.3403478543943257,-1.47697343662074,-1.47697343662074,-0.856614568336872,-0.8686488654876023,-0.3993101646311343,0.5585457675365977,-1.47697343662074,-1.47697343662074,-1.0202872336220712,0.11499387431572505,-0.8745470655107261,0.6181186597185463,0.7230713741980489,0.8956997925431167,0.9764960339033704,1.0977705571925391,-0.02505099544699971,-1.47697343662074,-0.2336832010816945,0.91594710142703,1.0824198222121983,0.2566952878712479,0.28985259176815714,2.158309711994888,0.5343037953887136,-0.0694937011822038,0.7419993286801514,0.5680547040110258,-1.323084589930888,-1.47697343662074,-1.3258604906996554,0.27277036832763796,-0.6963137366879534,0.6120118443391848,0.7357524136242517,0.8466781152632488,0.9456705382845804,1.0801432769441288,-0.02931495903223115,-1.47697343662074,-0.2333775608645933,0.925785680510187,1.0765478767435364,0.25633784411768723,0.30455498043177004,1.6377080829100488,0.2914529755742765,0.4303356449644505,0.7883750434220099,0.3787485146745225,-1.1743684168505677,-1.47697343662074,-1.47697343662074,0.2310961069712346,-0.6899239431815393,0.5398141331997499,0.6523043710295343,0.8707750753792355,0.9428733500458474,1.0394845753055508,-0.2472851847547541,-1.47697343662074,-0.7152204045172826,0.6650503267783192,0.9286799902756444,0.6335883958362042,1.3254968684514352,2.143271949753471,0.2755733441017389,0.6398714654624553,0.8378897257555679,0.04213585587125784,-1.3246849410847163,-1.47697343662074,-1.47697343662074,0.0448830601734685,-0.53009307293559,-0.7096381330024969,0.5830923062245567,0.8916274009532893,0.940560979663112,1.007605451812245,-0.4385115230308236,-1.47697343662074,-1.0241360186018824,0.4018170266774704,0.8733371200784069,0.8138943111478006,1.5339045490122292,2.192301806914443,0.2621849273789808,0.1912917346783128,0.3831022147882647,-0.2253622267658241,-1.47697343662074,-1.47697343662074,-1.47697343662074,-0.06447619387910335,-1.022709580122517,0.5359828397727252,0.6472502655639699,0.8901137249250584,0.9580035415158998,1.0593463615520735,-0.2482826897458776,-1.47697343662074,-0.7148914083105434,0.6629809835483036,0.9310748072507936,0.6358607979301539,1.3230632099635342,2.2050462001473865,0.5199671880238282,0.2375115772904342,0.5769367939884642,-0.5490679449062275,-1.47697343662074,-1.47697343662074,-1.47697343662074,-0.0906547277454247,-0.5669377913147579,-0.5611035837889662,0.5833976639071172,0.8853806966154546,0.9430145691029908,1.029405282202756,-0.44307599248881857,-1.47697343662074,-1.0235978909840078,0.5522137006756757,0.8743532516145927,0.8175917227087931,1.5390733869479902,2.192301806914443,0.5076955337791581
Barajas,0.0621137820136053,0.050572786152870086,-0.019147563939280042,-0.9568831319006418,-1.4667615443340791,-0.4445617997624413,-0.219860574300048,0.03976476650290282,0.3630980346477233,1.0900084550913651,0.3155058152246928,0.5768819223954299,0.5129329525182517,0.5285981908568042,1.1308399416085135,0.8410640029832814,-1.45942543239406,-0.4634712744706612,-1.474707492229934,-1.3598288919500623,-1.588726973874855,-0.15069584409331338,0.4415403141169397,-0.4544585529279666,-0.369300588566541,-0.6652355446048127,-1.068450867756595,-0.258883203269076,0.03387093350538719,0.4957543832306756,0.4037576587620465,0.8038490560987941,0.7733036592528754,0.755672383094591,0.7096799822735094,1.1674133970164189,2.2081062589173737,-0.19587488394319186,-1.3458394891980054,0.15628012887528767,-0.9831003164375788,-1.588726973874855,-1.588726973874855,0.2691626225418301,0.617475459581609,-1.4737478623994225,-0.5762600488501212,-0.34307088482351583,-0.7397650870087213,-0.18211923892297446,0.5894026272329095,0.7853921466226441,0.4460355763734573,0.5876397324155174,1.3975734465640326,0.9207097314322776,0.8774936253000528,1.4985261429621173,3.644461348662518,-0.8179766180589885,-1.0847224851550972,0.4937936180795502,-0.7937596850695154,-1.474707492229934,-1.588726973874855,0.3775688279377085,0.2678534704517153,0.41718697298473423,0.24254037153908795,-1.4722303405623844,-1.588726973874855,-1.588726973874855,-1.2340501159662756,0.06400886764712542,0.2592310658409044,0.3326466774671841,-0.38294502541984177,-1.4738828215274205,0.058190643541402076,0.3576357760504268,0.5103436368006908,0.4676025667362066,0.4715803070982972,0.8658220483958884,2.358509460756503,2.2069871688285287,0.5303940736057768,-0.016928597905206174,0.26598276516681696,0.4331488992370571,0.13311623496948016,-1.46983467227512,-1.588726973874855,-1.588726973874855,-1.3573956594247132,0.031777384727245936,0.2436248857685641,0.2688029573699389,-0.3973518675756528,-1.4743311216747097,0.04497668867133331,0.35153630585552903,0.5008884550131435,0.4580152971609057,0.5142722056475459,0.7783456900012439,2.511193411249104,3.2836899524790497,0.5303940736057768,-0.03549335581503851,0.21391768801499145,0.4620931481603491,-0.15184597184152945,-1.4702199109676075,-1.588726973874855,-1.588726973874855,-1.3552232074276198,0.044302034781579284,0.27218193390643697,0.2827521466733886,-0.8153982296849407,-1.4735876309438405,0.18765983533053104,0.5673909946175775,0.45717693870851,0.3596473393518584,0.36319183459039206,0.8695562662904006,0.910318596573988,1.2805920039074108,1.6946813515929866,-0.023435750708327544,0.15950059505753988,0.4946053673911666,-0.4191825269886233,-1.4706350711119394,-1.588726973874855,-1.588726973874855,-1.353046098513062,0.05670464196083945,0.3003941881392366,0.1836291946002877,-1.0800718214940233,-1.3568265701033018,0.33048609447384136,0.6934015286175003,0.4177464471965989,0.28325747189927963,0.1591980312024897,0.8078419468049994,0.4717837000499548,1.002373224620604,2.007826404866061,-0.011614693914014724,0.2320096897199521,0.4057295238722051,0.055327589124278855,-1.4736504123020049,-1.588726973874855,-1.588726973874855,-1.116974750738085,0.10410419084106948,0.2889927931120462,0.3288686394044645,-0.6805315901082666,-1.4731509605822808,0.2036400439104187,0.581934473900098,0.4790440310215557,0.3546409999571813,0.337938077481826,0.8603069578535211,0.8748179519575792,1.029764649087148,1.8371859828121928,0.0044062525196640395,0.1942614955906761,0.3932719217432234,-0.461542022541803,-1.588726973874855,-1.588726973874855,-1.588726973874855,-1.1132575941927156,0.1448649075141419,0.31858804707962063,0.32523995277321405,-0.9477576734819844,-1.2415271650026096,0.3485251401072953,0.7156684393490109,0.4506721094564552,0.2683145815555254,0.14457105974205614,0.8058114117654682,0.4539647028514743,0.8289142583554665,2.1978325798250027,0.025332756086609474
Carabanchel,0.4938264225245188,-1.0558871209583636,-0.2144839921711628,-0.16071446371483492,-0.5857805790212963,-0.3144520876902346,0.07740166220465304,0.4773506376196954,0.8251171130632762,1.1182755385530831,1.453555621471903,2.830947320003084,1.5678617393094099,0.8795181361743091,0.7227456061499964,0.09879760014255852,0.42514168643232736,-0.4969650348398344,3.663660997350772,-1.4346131754038165,-1.4346131754038165,0.00830391099437377,0.4830096886209849,-0.7969847336089916,-0.21690539341570092,-0.05732018484138689,-0.6046383983789045,-0.19561314399996774,0.19163413078760447,0.6204897624331578,0.8037343453608934,1.052643519299436,1.3855926374997227,1.900233900825316,1.4653424104840782,0.1719978285840286,0.46223086308886996,0.2686051228496488,0.7184581183221996,0.9882789616022124,-0.3382528296964755,-0.905051272355365,0.5162906359311703,0.11788621228904647,0.4715995439065735,-0.7788633115956788,-0.2193951958253392,-0.07618566385200225,-0.622115180408093,-0.18971326128176366,0.1945513077891549,0.6442637624427512,0.7804168266443114,0.9891158195539216,1.3248683145423317,1.391321637136981,1.4012113765933414,-0.5746973884266353,0.4003263537469384,0.12615372046537335,0.8261185238144736,2.13459581305007,-0.976253821162479,-1.2758568172834457,-0.3359415480962209,0.2356723745286821,0.5599084087443521,0.5247035486403892,-0.37384564542283705,-1.3108546399153187,-1.4346131754038165,-1.4346131754038165,-0.6288246292142401,0.08405996269318344,0.4835043571435641,0.6543867160704039,0.4686149685484024,-0.7446684484659397,-1.182115548550607,-1.4346131754038165,-1.4346131754038165,-0.09113510120498557,0.6069602167948636,0.9695382343661004,0.3041889720678213,0.6064109601479815,3.9039995705978576,0.08260710778562445,0.5786279375365296,0.6113055080658905,-0.5603939575929928,-1.3101651101729361,-1.4346131754038165,-1.4346131754038165,-1.1873927612096895,-0.2592056753894084,0.3913349611576672,0.5625136992772919,0.2475606876566438,-1.0300498643223792,-1.1833769155811673,-1.4346131754038165,-1.4346131754038165,-0.0920388660832328,0.6074745511484534,0.9778308693358364,0.29700452263946736,0.5939938895734386,3.7210886930933933,-0.9318788396584594,0.5953968308448337,0.5946232881896198,-0.546332190052205,-1.18584690412121,-1.4346131754038165,-1.4346131754038165,-1.062103471160517,-0.2521177420498885,0.3958694397988423,0.5493780923098307,0.06943443618936135,-1.0422780325502612,-1.1818882332634897,-1.4346131754038165,-1.4346131754038165,-0.11859062604268902,0.5551036268717322,0.6873905487062237,0.7039668281490609,0.6650397220337394,1.0465788579820736,-0.8026117294972613,0.6132599498453372,0.454838575690323,-0.5311865945809414,-1.183556898941007,-1.4346131754038165,-1.4346131754038165,-1.0577738869778095,-0.11784523703784648,0.4002603010844056,0.5372648118493215,-0.21904636707742653,-1.0522971941654198,-1.0576553286587655,-1.4346131754038165,-1.4346131754038165,-0.13581208880387113,0.5255053675352439,0.5702557092817541,0.7236869148885205,0.6877628830230669,0.7791278744709416,-0.7968783373770323,0.5704957776435141,0.5280087069026764,0.2614847002745525,-1.4346131754038165,-1.4346131754038165,-1.3113528156666148,-0.5057511619140389,0.20736575975936733,0.4786003749786937,0.6308577946477076,0.4076702084483536,-0.8900081503037249,-0.9330398477918421,-1.4346131754038165,-1.4346131754038165,-0.11793966638472195,0.5562334278951456,0.6889252330804304,0.7024940430789659,0.6566242499159483,1.048091782785967,0.2125421187987344,0.5817495319968304,0.5314756982386127,0.2854376369465165,-1.4346131754038165,-1.4346131754038165,-1.3099717134524649,-0.5032504037650352,0.3384210580950869,0.4737359320749756,0.6089891671300787,0.23372336644395264,-1.0293615106924674,-0.9285704089549384,-1.4346131754038165,-1.4346131754038165,-0.13527249952732645,0.5275570930076134,0.5750704430185097,0.7184029230823182,0.6724916494826266,0.7694666327555393,0.21887381021909588
Centro,-0.8969845218818051,-0.8969845218818051,-0.7247924386856116,-0.8969845218818051,-0.8969845218818051,-0.5374620105251778,0.5927950146713779,0.185609476495414,0.5540318775677661,1.556970510239826,1.6045934395814143,1.7422017197876951,2.015652772256221,1.9128120610948631,0.007755410438572766,-0.5371363153286617,1.143588984677057,0.042659139045170866,-0.8969845218818051,-0.4004238811848295,-0.8969845218818051,-0.531711928752292,-0.8969845218818051,-0.8969845218818051,-0.7275139369032091,-0.8969845218818051,-0.8969845218818051,-0.5434976468763829,0.3782223993146313,-0.18824995877179693,-0.18309285389878494,0.19211684186934805,1.4462852189310793,1.5848443158289018,1.793990171849002,1.4873134196906543,-0.33860372740315536,-0.33706638208084644,1.1778932334508647,-0.8969845218818051,-0.3651428349166136,0.2288558933470344,-0.8969845218818051,-0.5385029343226828,-0.8969845218818051,-0.8969845218818051,-0.8969845218818051,-0.8969845218818051,-0.8969845218818051,-0.550480481633069,-0.17732231499500106,-0.5398988791013067,-0.5352648417528575,-0.5357516128296022,0.3937872515404505,0.9629695918312784,1.6286090910764288,1.1666076056843455,-0.493109112517485,0.2253232035842668,0.5098177611930403,-0.8969845218818051,1.0471017445985062,4.06617198981412,-0.8969845218818051,-0.5461969097510876,-0.8969845218818051,-0.8969845218818051,-0.8969845218818051,-0.8969845218818051,-0.8969845218818051,-0.7287300474023346,0.3238832441695697,0.6647106873472232,1.401667103549253,1.5371167957090706,1.7072725603912224,0.2542105126196907,1.4645361216255794,-0.008901834252402284,-0.8969845218818051,-0.8969845218818051,-0.3870913579465067,1.3133160052037682,0.06470030254932897,0.3671840240895837,1.3076087079778416,-0.5582087952339855,-0.8969845218818051,1.1817645258668834,-0.8969845218818051,-0.8969845218818051,-0.8969845218818051,-0.8969845218818051,-0.5596152651143467,0.8770674320086699,1.4529584944054803,1.5311447025051514,1.7304761408359544,0.23813444928032146,1.4223464301344164,-0.02192438286038108,-0.8969845218818051,-0.8969845218818051,-0.3873959463648943,1.3276678796333872,0.08329126834744838,0.4016667400747439,1.8981394630786887,-0.7290868922290583,-0.8969845218818051,0.665663313032866,-0.8969845218818051,-0.8969845218818051,-0.8969845218818051,-0.8969845218818051,-0.5593274673143683,0.5228228793848783,0.518443306924651,1.4167344849229682,1.622900835618071,0.2380122950539898,1.3986109866607686,-0.8969845218818051,-0.8969845218818051,-0.8969845218818051,-0.8969845218818051,-0.8969845218818051,0.8506807206373709,1.3888203503583625,1.541667769145879,-0.8969845218818051,-0.8969845218818051,0.3249379298846857,-0.8969845218818051,-0.8969845218818051,-0.8969845218818051,-0.8969845218818051,-0.3911635296776381,0.33893117191642785,-0.3775130778376324,0.4752566810247888,1.5260799705656072,0.4071974120568937,1.0458929722735524,-0.8969845218818051,-0.8969845218818051,-0.8969845218818051,-0.8969845218818051,-0.8969845218818051,1.0072654052321817,1.6055368179035825,1.1627121411333416,-0.8969845218818051,-0.8969845218818051,-0.8969845218818051,-0.8969845218818051,-0.8969845218818051,-0.8969845218818051,-0.8969845218818051,0.13816687471936662,0.12828297576825906,0.2901645784430673,1.3879726684279858,1.591017679440033,0.7438400117312179,1.4287036983548167,-0.8969845218818051,-0.8969845218818051,-0.8969845218818051,-0.7292587009666849,-0.8969845218818051,0.8446332808212044,1.3825823312761378,1.266347172794924,-0.8969845218818051,-0.8969845218818051,-0.8969845218818051,-0.8969845218818051,-0.8969845218818051,-0.8969845218818051,-0.8969845218818051,-0.5449520253619419,-0.8969845218818051,-0.5590586077020534,-0.3821669271883722,1.4854538501886103,0.9022128149529725,1.2317328124654945,-0.8969845218818051,-0.8969845218818051,-0.8969845218818051,-0.7292582695281709,-0.8969845218818051,1.1756877844695477,1.6167777702172603,1.0784793573276563,-0.8969845218818051
Chamartín,-0.03839987195467184,-0.906010585345327,-1.0637385570335702,-0.356102710145641,-1.2333070607870835,-0.39461722457485815,0.3245132754350912,0.21380980891539972,0.3247980169313383,1.1609021578142007,1.3744615998431573,0.8187208591112326,-0.751350164781021,-0.8788906666961853,-1.2333070607870835,1.4047749502586189,0.3494926227865987,-0.6674647499117153,-0.3498867160031401,-0.8664937480790684,0.9263767814903986,-0.058407174332393286,0.12321298151451272,-0.8958494680004896,-1.0722926480941959,-0.8959685073750222,-1.2333070607870835,-0.025683005076734967,0.3296243698336068,0.3777538220952417,0.3696612935175089,1.187220398899398,1.204678706967742,1.0807244852073499,-0.5808540691223149,-0.2271410571588118,-0.5776535350464411,-0.5283555194352219,0.7710201448764221,-0.7167231147603721,-1.0710143060901811,-0.8837082018557255,1.2791776199562612,-0.04789535947599625,0.1349438772303403,-0.8836881307058811,-1.2333070607870835,-1.0670739669906222,-0.9184041243881658,0.1794435937033525,0.3332153843155107,0.3833289297940927,0.5620166794179643,1.204314561919366,1.1144492588270545,1.1454150365701474,-0.2528638788582244,0.9983075529511544,-0.1751551685315503,-0.8788956276113942,0.007588351113043221,-0.5129980330256023,-1.2333070607870835,-0.896227804602385,1.3080135397026795,0.11743684677259646,0.7518971431368286,-1.2333070607870835,-1.2333070607870835,-1.2333070607870835,-1.2333070607870835,-1.2333070607870835,-1.0754373074743622,0.2134940807183492,0.8876868291506872,0.9823326967281876,0.8414856661998009,-0.4113912891373045,1.0345399591007831,0.14485593330911828,-0.9148376340285248,-0.44320507643090734,1.1649395322162828,1.7292928213361514,1.5543899737125493,1.0865555510971894,1.7040167511454516,-0.9197779992483603,0.7555776959840981,-1.2333070607870835,-1.2333070607870835,-1.2333070607870835,-1.2333070607870835,-1.2333070607870835,-1.2333070607870835,-0.106112322967833,0.8897614824014637,0.6528784594120631,0.6597793479730005,-0.4112363119469338,1.0558342183357188,0.16241822971603945,-0.7556094579325591,-0.6036665397641556,1.1685706094940267,1.759940757039432,1.5998382663618425,1.5893824209610934,1.7359146349164494,-0.2779536122872828,0.7487528495756414,-0.7521012085904153,-1.2333070607870835,-1.2333070607870835,-1.2333070607870835,-1.2333070607870835,-1.2333070607870835,-0.7611728336268659,-0.10623924076756516,0.5770470927540688,0.6241847147173095,-0.4182395580651925,0.9989220008170276,0.14120736751210258,-1.074789073275182,-0.5995041850351692,1.15190398251809,1.585277228840754,1.575030893580485,1.5226362089583354,1.9416812362271336,-0.4372850838724928,0.42982712417387947,-0.4178840909924246,-1.2333070607870835,-1.2333070607870835,-1.2333070607870835,-1.2333070607870835,-1.2333070607870835,-1.2333070607870835,-0.6029482422214851,0.3650296314913851,0.5965186714443235,-0.4223707450110449,0.9576738203689048,0.12629946114725954,-1.0766209833422449,-0.5956616699724399,1.1427757630268691,1.51042143104132,1.5134420351424147,1.3529152875960782,1.8068615081141384,-0.5954605483617996,0.7427511898852875,-1.2333070607870835,-1.2333070607870835,-1.2333070607870835,-1.2333070607870835,-1.2333070607870835,-0.9181736569379964,-0.2804072502666211,0.8375783220435644,0.9197535259349796,0.7982101282453055,-0.4146505458266893,0.9825463497944692,0.1345586404465511,-1.0750750751457778,-0.598726864797357,1.146994999721614,1.5590833122145569,1.5287796472119934,1.4270892976693,1.9133127009294604,-1.2333070607870835,0.7332891252551629,-0.753613815835669,-1.2333070607870835,-1.2333070607870835,-1.2333070607870835,-1.2333070607870835,-0.7591574617165261,-0.9193190998091396,-0.4384977986707314,0.5599027046178844,0.6110353042257011,-0.2582538259263559,0.9452173069360946,0.12726687147167612,-1.0761336999180686,-0.5965326455825655,1.137141280223508,1.4859956642005392,1.4662011199821627,1.2842866103559378,1.9293397811269108,-1.2333070607870835
Chamberí,-0.7029220549351289,-0.8825339942588423,-0.523137227835389,-0.5249955328231453,-0.8825339942588423,-0.3153456751846644,-0.3118959013737579,0.42361390227448403,0.052254947221967565,0.6715917833107339,1.800471288456022,2.005974523007961,1.2754033460597722,1.029984497250773,0.4273500717542614,0.2633096347251601,-0.8825339942588423,1.070693245856814,-0.7018035301640191,-0.45192938234241203,-0.8825339942588423,-0.5005132656497556,-0.7065087452503973,-0.8825339942588423,-0.8825339942588423,-0.7074767797476637,-0.8825339942588423,-0.32167805075903005,0.21988982493997875,0.035390247645236565,0.41584488170008105,0.6833941381271766,1.0122349482257569,2.107671269777304,1.7859660659892007,0.04196007947564345,-0.11050244757791937,-0.699651977020033,-0.4870286889836229,-0.8825339942588423,-0.4362480078892565,-0.3081189907787951,3.751153300280535,-0.5024492424273512,-0.8825339942588423,-0.8825339942588423,-0.8825339942588423,-0.8825339942588423,-0.8825339942588423,-0.3223362924261483,0.23690511350096205,-0.3264555761902608,0.25934024925848426,0.6912623746714713,0.9939018112130272,2.167622129755527,1.8995521603820085,-0.33374482046710996,-0.26597491370172943,-0.7060251382268401,0.5231552552946974,-0.8825339942588423,0.07285022625869512,-0.2315785775471761,1.3467161122708786,-0.5039477103286539,-0.8825339942588423,-0.8825339942588423,-0.8825339942588423,-0.8825339942588423,-0.8825339942588423,-0.8825339942588423,-0.5257491452409164,-0.5336198954223595,-0.34799085482774184,0.53425366906065,0.35444101095536296,0.17238967368279848,1.6300062928889771,0.6711270195041648,-0.8825339942588423,-0.8825339942588423,1.0818752886733989,0.5026895652972988,0.4544444280149223,1.75411617020281,2.955792579192445,-0.8825339942588423,-0.529164935533339,0.7162416982063707,-0.8825339942588423,-0.8825339942588423,-0.8825339942588423,-0.8825339942588423,-0.7073345252878468,-0.3542981316009308,0.008923542550941908,0.17163964034254292,-0.0010577739518194786,-0.3573835363268143,1.6309990904173273,0.671964613688607,-0.8825339942588423,-0.8825339942588423,1.2771484501440766,0.5060562117334209,0.8372109168434285,1.6507341221360463,2.3748223895094056,-0.8825339942588423,-0.17663281443561507,1.0690651371089537,-0.7080026165376351,-0.8825339942588423,-0.8825339942588423,-0.8825339942588423,-0.7064869583006428,-0.3564931379798483,-0.7074948810991841,-0.7077484493108631,-0.7082483005306364,-0.7083840163013524,1.5784882095053083,0.6228404539803614,-0.8825339942588423,-0.8825339942588423,-0.5295449359511006,0.7799686040253986,1.4250212213257238,1.9663972855071041,1.9592667223371725,-0.8825339942588423,0.3549464124566436,1.0807343996905714,0.017952497640640167,-0.8825339942588423,-0.8825339942588423,-0.8825339942588423,-0.5316817431323466,-0.3585287634653029,-0.8825339942588423,-0.8825339942588423,-0.5339056572596108,-0.8825339942588423,1.5421225366710098,0.5909044956247516,-0.8825339942588423,-0.8825339942588423,-0.7065255251690533,1.105168192762967,1.449833341997354,1.964119540328264,1.7826872876230575,-0.8825339942588423,-0.7085032553364694,-0.8825339942588423,-0.8825339942588423,-0.8825339942588423,-0.8825339942588423,-0.8825339942588423,-0.5229189579099567,-0.8825339942588423,-0.3502759202658953,-0.526529911699497,-0.18170524398002105,-0.009814919370449976,1.5879420853188368,0.619253817227448,-0.8825339942588423,-0.8825339942588423,-0.5294748733436802,0.7706740072346563,1.4052593369499051,1.93887269098894,1.999353533046655,-0.8825339942588423,-0.7078730575724809,-0.8825339942588423,-0.8825339942588423,-0.8825339942588423,-0.8825339942588423,-0.8825339942588423,-0.520238216748892,-0.8825339942588423,-0.3521796823788258,-0.5319550013734251,0.17646884255576972,-0.1824966163929552,1.5589171415702001,0.5856993066221099,-0.8825339942588423,-0.8825339942588423,-0.7061242816954431,0.9169264712941698,1.4406122831679056,1.9460769147662842,1.7703701326125063,-0.8825339942588423
Ciudad Lineal,-0.49496978895952903,-1.047351073749635,-0.17622566703522427,0.06901582785834517,-1.047351073749635,-0.14927655689302244,0.16769959491094455,0.3878963837609152,0.6082233331044365,1.1832850844902478,1.3667070578401983,1.7871804818133514,1.4585028196793424,0.18505123074687851,-0.583673594926822,-0.605082428452259,1.0095101788102223,0.16523167166083622,2.3037937943760127,-1.047351073749635,-1.047351073749635,0.005857123863928167,-0.6365290903895207,-0.7744837906197886,-0.1974296377406953,0.004770573510773803,-1.047351073749635,-0.009470192584826813,0.2009846351998116,0.356021442030154,0.5797280526727765,1.128735348002583,1.3902930965988616,1.5687176545635089,1.2136894949373545,0.8020833196324304,0.150215341017322,-0.6062185136079433,-0.716972137767711,1.0311857465396863,-0.7244289364787804,0.06238326225159995,1.3222939495626067,0.13531815373572356,-0.7761040107571424,-0.7627362775508172,-0.3498269368531761,-0.1863785714434813,-1.047351073749635,0.0014863204157867429,0.3757881213561072,0.4604052131834227,0.6875779936497133,1.084058866987799,1.4079568015378316,1.4321783875323573,1.07289941440808,1.0138725531089092,0.3435190642794527,-0.6071111519445525,-0.7346027278484614,1.0422159423366015,-0.7709550337226142,-0.8860024958320163,0.5460266632395333,0.13545416586061765,-0.7750053799015689,-1.047351073749635,-1.047351073749635,-1.047351073749635,-1.047351073749635,-1.047351073749635,-1.047351073749635,-1.047351073749635,-0.3688587651357414,0.8566538180764123,0.8404444236352605,-0.3189352477527884,-0.09714524448209606,-1.047351073749635,-1.047351073749635,0.2514956933049656,1.4113189108839037,1.4430549067259562,1.4062605819946492,2.048651929480561,1.4825125749937744,-1.047351073749635,-0.9102084055923424,0.4828095450782137,-0.4917332682539443,-1.047351073749635,-1.047351073749635,-1.047351073749635,-1.047351073749635,-1.047351073749635,-1.047351073749635,0.8082976433496786,0.6728892558993533,-0.4681654427164247,-0.6371785839368539,-1.047351073749635,-1.047351073749635,0.25748363590539786,1.4144207564643458,1.4535568777948233,1.4004370225181837,2.01510616813857,1.4178236344668518,-1.047351073749635,-0.9121645792291936,0.4974300802126778,-0.4903555283925656,-1.047351073749635,-1.047351073749635,-1.047351073749635,-1.047351073749635,-1.047351073749635,-1.047351073749635,0.8130601623506939,0.6632883022707252,-0.4731156477450271,-0.5018785194965545,-1.047351073749635,-1.047351073749635,0.4029378003983183,1.2531630702105458,1.3370816672652857,1.346061876595247,1.5511160463802962,2.040132221956159,-1.047351073749635,-1.047351073749635,0.5131268766615061,-0.48890480047663704,-1.047351073749635,-1.047351073749635,-1.047351073749635,-1.047351073749635,-1.047351073749635,-0.9136616719448264,0.8171473838378771,0.6554421353115737,-0.4770188599610722,-0.5000984459335023,-1.047351073749635,-1.047351073749635,0.4114225591132664,1.166791880207291,1.2315161311320044,1.3260942400218867,1.4495559768108894,2.070709004006421,-1.047351073749635,-0.9115434971170966,-0.7788929736033567,-1.047351073749635,-1.047351073749635,-1.047351073749635,-1.047351073749635,-1.047351073749635,-1.047351073749635,-0.367406971358174,0.8546781030013761,0.8351963136648992,-0.4588231363899975,-0.2302668573408002,-1.047351073749635,-1.047351073749635,0.3981001375863231,1.2436949363038694,1.3320406060244363,1.329752411734899,1.5387194285976675,2.0352139466676578,-1.047351073749635,-0.9134387837230324,-0.10177167598504687,-1.047351073749635,-1.047351073749635,-1.047351073749635,-1.047351073749635,-1.047351073749635,-1.047351073749635,-0.3661030242960121,0.8529929342609041,0.8309421526691225,-0.4634915209225376,-0.22988576930790386,-1.047351073749635,-1.047351073749635,0.4080372551860461,1.1542229710209426,1.2289774429078075,1.3020726265596243,1.4289871182810945,2.0522083021438955,-1.047351073749635
Fuencarral - El Pardo,0.1770188549826892,-1.4755938435856932,-0.8920939520557345,-0.35587815396337663,-0.8443617103094805,-0.2525158735167297,0.34289266173098426,0.6845841998671769,0.6778077208405392,0.7274491372307323,0.9030339882629196,0.7428333778964684,0.1710323407702038,0.3211697214476588,-0.8791933583430919,0.326328012039503,0.4341962517264335,-0.9802355924812922,-0.8168751184194342,-1.6138535242555132,-1.6138535242555132,0.03389712740255788,0.6211499621277021,-1.6138535242555132,-1.188743905975179,-0.4912301365491288,-0.853667267982198,-0.05285502923452568,0.7741931151293695,0.6585402838688795,0.6701458930754699,0.7199023754569501,0.7651957962231738,0.9217928121991842,0.7733451646234168,0.23525947980222445,-0.5619508184544466,0.19125879499939727,-0.3039213363736428,-1.021911517545775,-0.5985195671559694,-0.8723549692403272,0.7111731014904981,0.055152383856022204,0.6733283417120197,-1.1862789021173603,-1.3362535921594654,-0.6200129790184993,-0.7216527328060744,0.008956162023707253,0.8180695071796324,0.6362733944740451,0.6634551574341133,0.7138816571382138,0.6786864706752163,1.053517600273302,1.0609473019781068,-0.4801125133651485,-0.03828753967044084,-0.02449360223058573,-0.7999784276402351,-0.5772389507713342,-0.3814041278593736,0.4085820351562315,-0.3901952359932635,0.4945026689782094,0.8325971885757176,0.6531227246353092,-0.8579276311270739,-1.6138535242555132,-1.6138535242555132,-1.6138535242555132,-0.2281473772594741,0.5298334428237457,0.5560406499679503,0.2600252464750027,-0.5821096496351228,-1.6138535242555132,0.348166105738907,-0.08248725900059442,0.4594208305929535,0.5393380317661658,0.9291821060054379,1.442359136843701,0.0657449037234507,0.8062291899674029,5.139433163256044,0.019115619763024755,0.8754511115514055,0.7602929059292517,-0.6774713991692565,-1.6138535242555132,-1.6138535242555132,-1.6138535242555132,-0.7027920406909869,0.3938325822914881,0.2679926597831833,0.0973399126468204,-0.7352489121848729,-1.6138535242555132,0.07110077754661841,-0.08011705238050831,0.4674020290717471,0.5406064878644056,0.9319027339234376,1.4731605234964351,0.2183631052276721,0.8743684548958248,4.909505423972872,-0.12631787487314355,0.8855448924724231,0.5922281110094519,-0.6750644990319183,-1.6138535242555132,-1.6138535242555132,-1.6138535242555132,-0.4062132217677952,0.3635377660685215,0.1928782564243984,-0.4052850920448443,-1.033931785044017,-1.6138535242555132,0.4517732138787047,-0.032310595764147826,0.4331531598176109,0.5634700198130889,0.7906428838515177,0.8882937356253036,0.5531640643710058,0.9730075894803888,1.6032833315820447,0.016445554054779567,0.8963166139030606,0.4244651349349104,-0.6725548723508075,-1.6138535242555132,-1.6138535242555132,-1.6138535242555132,-0.243966768797202,0.3352130204606683,-0.011381688930355844,-0.7434736108581683,-1.187955761977229,-1.6138535242555132,0.5471769096195076,0.009665585040589352,0.2686911669365667,0.485475943456781,0.7103196453009727,0.7160103572284372,0.5322799945713997,0.9987985558625908,1.1595295215632258,0.02077035008355095,0.8459006325730715,0.3627920066683066,-0.8572880891883407,-1.6138535242555132,-1.6138535242555132,-1.6138535242555132,-0.2036035844612264,0.3606638664089801,0.4877694960645576,0.037399393496540256,-0.7454589741375799,-1.6138535242555132,0.4601591877092726,-0.03673010937080533,0.2909821466517209,0.5616747709892868,0.7849793105509486,0.8742978881440862,0.5452411586709202,0.9582812181415368,1.5934993915721969,0.02751243373152911,0.9993743935975165,0.34954257849681497,-0.8566230198855992,-1.6138535242555132,-1.6138535242555132,-1.6138535242555132,-0.0344411380887365,0.33285206023659963,0.4274390516223651,-0.030796030121583287,-0.7653956645775709,-1.4753075931686954,0.5612562344628037,0.003139171740444607,0.2675064175847058,0.483456883308676,0.7031440970572136,0.7075796277015505,0.5268787071327394,0.9990588075155084,1.1373462871073945,0.03506118259113097
Hortaleza,0.7646428946804739,-0.3615977444820066,-0.4706231038095468,-0.20044111926345248,-0.8535748593688426,-0.402525962210394,-0.013717347089836641,0.6766014225360227,0.6700771622763453,0.9741387420951704,1.2271231904425717,0.5635620913908361,0.8563330378725984,0.5536747323851401,0.5007735205192951,0.4977158754836336,1.2853814856586934,1.2359060730276394,-1.1459788964854354,-1.6695200003939623,-2.0666037608144383,0.4222990114984092,0.6731009208691775,-0.5039599315217238,-0.2624577117446546,-0.4028260129839229,-0.8104365676383027,-0.24616319128692474,0.5864484064228246,0.6949053039814967,0.7536433588395101,0.9244276454946356,1.009093382703974,0.7997944473797801,0.9620156397053012,0.9595168784185216,0.5253036622935487,1.0030214617942508,1.2222210091931027,0.5535815310879237,-1.5253784264842054,-1.6130318246062971,-0.1948562912958771,0.4762551990633662,0.5812568283324311,-0.4872802735547978,-0.1929517998370902,-0.4524027914424567,-0.6242684924516151,-0.08487943873713988,0.7676789620910484,0.7110004488950029,0.8322574844952285,0.8825498126008521,0.8523647093150692,1.0046013982142332,1.0375032124429449,1.2892636220706424,0.6895877369352816,1.4451638498160413,1.1843247233137468,0.4848112952252961,-1.4215460623934624,-0.820945693584736,-0.92482085516686,0.5236086175471575,0.4996899232403979,0.3543698345314447,-0.2564045711234467,-0.8712048844581883,-2.0666037608144383,-2.0666037608144383,-0.9404884677841288,0.14545333168249772,0.12224701788656707,0.2919193567193308,0.19252686251551746,-1.422142114581176,-1.1466049204395294,-0.2036074691366757,-0.4575288687802997,0.4372200888903328,1.1744641988509352,1.4768823185491289,0.35100349810690684,2.513886945963704,-0.24219732388370124,0.008986129325974186,0.4742088402547026,0.3912838334221136,-0.5469727495987472,-1.45498834983127,-2.0666037608144383,-2.0666037608144383,-1.2871160169063969,-0.22059559349846747,0.05814675223565361,0.2307001865661733,-0.006598839013871059,-1.5749279665662268,-1.2987438702977951,-0.21117644167140795,-0.4632599544469109,0.43628784782009983,1.173025271886942,1.4788476542190117,0.3696490550826632,3.455527565712372,-0.3157700480380142,-0.3201726503854033,0.4797859462624036,0.425886459058695,-0.697998012689822,-1.601375201426866,-2.0666037608144383,-2.0666037608144383,-1.1400829093724736,-0.2289325396582985,0.06628673153118116,0.25585259808417976,-0.09279635324923466,-1.5986581137979692,-0.03305419554332832,-0.32739605118611365,-0.599885001137258,0.3753081081654301,0.8575902921022159,1.0052068649660777,0.4212176024412717,1.2594371466206828,1.891545371223944,-0.303296814774935,0.4856428340000588,0.4635020706602563,-0.554566731822028,-1.6005909285996107,-2.0666037608144383,-2.0666037608144383,-1.1390940697529168,-0.2368429579283392,0.07396945633758524,0.27946537713956904,-0.16528103719647316,-1.763086759445583,0.10857462955245616,-0.4421755533617353,-0.2972242056261893,0.33170315462251954,0.6867604582024078,0.7752352739202191,0.2433397573003309,0.953424547239054,2.40949104159096,-0.1412398303321221,0.4970981607189267,0.3844227974294799,-0.1075337026433321,-0.8677808424583711,-2.0666037608144383,-2.0666037608144383,-0.7770531590769408,-0.005187339115624525,0.13839670044075988,0.31387338438528706,0.0991950437378732,-1.5903499111929795,-0.006299959406926454,-0.31388033141169785,-0.4448540450433699,0.38383296131566347,0.8619685971479597,1.0046621498936004,0.3978217013054668,1.154199211321421,1.8271666467473688,0.031128423389783444,0.4943874884771817,0.4168756989618041,-0.10436358574560466,-1.0076947763821371,-2.0666037608144383,-2.0666037608144383,-0.6093246011026998,-0.007932851186925927,0.15363395735025606,0.3342912349087762,-0.12203378622529795,-1.6072461587861149,0.137107539835236,-0.4250689387182329,-0.2852629234370368,0.3455510917566791,0.6925193038634176,0.7749360094303385,0.21989963295783801,0.9257716719015178,2.2544902612670388,0.05166587626059056
Latina,0.4102241850784104,-0.6864246098745405,-0.16638061569306065,-0.01219682699598942,-0.33091443999392434,-0.12793391097928247,0.2473071737961116,0.3841287275913181,0.994531792440588,1.1282097936707716,1.8960135735553567,2.33086242526391,2.125503744383653,1.1707714028857978,-0.23553917573104924,0.7898225948708216,-0.2396940722535549,0.5026469345839764,1.2883248940926866,-1.1943537795998969,-1.1943537795998969,0.19651008398410647,0.40489364616957496,-0.8169833003004663,-0.1984233693608692,0.10277976642204907,-0.3466894277577389,0.00706251342179308,0.3711417385274441,0.4835835381644808,0.9836869534085172,1.1344627200984634,1.6409408509791938,1.960137253464998,1.7609071128995353,0.9850962864703688,0.5807608692629149,0.9182755323931562,-0.4015698996772474,-0.08156070543193496,-0.8743044981400971,-1.0388485167817467,-1.019410358929478,0.31254057429250304,0.3993132382493875,-0.7063558296629471,-0.23013691665537805,0.10192419253763924,-0.3610926774551347,0.1606275738445142,0.3887188371230105,0.7197052412103255,0.9720212531978908,1.140546296435405,1.4498481634678146,1.7268360677639571,1.5469856199369143,0.8909511570202925,0.9042223509173114,0.8111591335139814,-0.4607082313198671,-0.5052980816719717,-0.8890866093561209,-0.7218874756635735,-1.019410358929478,0.4332233233913961,-0.057038730387162936,0.2882672141754728,-1.1943537795998969,-1.1943537795998969,-1.1943537795998969,-1.1943537795998969,-1.07528628428005,-0.5871071577044658,0.4623909307805702,0.6158844319911889,0.5326193220501155,-1.0735567882368997,-1.0740659214759452,-1.1943537795998969,-0.3470795115825881,0.6735821443276852,0.9830572624526416,1.063650658017681,0.4097298857779657,1.5905586063618016,3.221950338858888,-1.1943537795998969,-0.4536870222570742,0.2354967715600347,-0.7042081777519708,-1.1943537795998969,-1.1943537795998969,-1.1943537795998969,-1.1943537795998969,-1.1943537795998969,-0.3500164381159481,0.5396154030130684,0.3188466868548009,-1.1943537795998969,-1.074297585731548,-1.1943537795998969,-0.3464571907218688,0.6717697387662618,0.9892664574381828,1.0644208914425617,0.4079541497579897,1.6311171346554876,3.221950338858888,-1.1943537795998969,-0.33600210336295383,0.11314529391870567,-0.8231617578042869,-1.1943537795998969,-1.1943537795998969,-1.1943537795998969,-1.1943537795998969,-1.1943537795998969,-0.3516394599153469,0.5214027726753928,0.031151385161564887,-1.1943537795998969,-1.0711759381906008,-1.1943537795998969,-0.21437982689573984,0.5652045110455804,0.8220616928688896,0.8340303905149975,0.8667821133150059,1.0386026637406645,2.1358894642282764,-1.1943537795998969,-0.21761698959056866,0.10985933692851944,-0.8230436713435043,-1.1943537795998969,-1.1943537795998969,-1.1943537795998969,-1.1943537795998969,-1.1943537795998969,-0.4708097979358752,0.5048496736259099,-0.1243481040047934,-1.1943537795998969,-0.8293907231443198,-0.453486893830834,-0.187398482520932,0.4928674693888325,0.7269152359823948,0.8500147286883052,0.9135301193649666,0.9003492871938721,1.890649911892332,-1.1943537795998969,0.061479584645961774,0.16235899106168167,-1.1943537795998969,-1.1943537795998969,-1.1943537795998969,-1.1943537795998969,-1.1943537795998969,-0.7122159282888431,0.4517487538538506,0.5984471320688832,0.3487864467375753,-1.1943537795998969,-1.0709157113359289,-1.075252547559323,-0.2125059071087108,0.5680368097256991,0.8176477784875987,0.830902910632603,0.8602660007995057,1.025992353784533,2.0016867353187995,-1.1943537795998969,0.061844774518997066,0.0381962939393692,-1.1943537795998969,-1.1943537795998969,-1.1943537795998969,-1.1943537795998969,-1.1943537795998969,-0.9549772592781544,0.4413938889504012,0.5824623860635436,0.2967362845315684,-1.1943537795998969,-0.8273294618295345,-0.44986785092028203,-0.18436729764065768,0.4964304944872544,0.7234869263639182,0.8459775222013045,0.902934718567092,0.8931532355310576,1.7428429406284778,-1.1943537795998969
Moncloa - Aravaca,-1.253954772097521,-0.9702940508183238,-0.9534014651673332,-0.9626480402049746,-0.9542866228719248,-0.1626424178490295,0.05587286098356824,-0.3261122783623957,-0.06592122214334784,0.8642893273839531,1.2814880484189,1.3320462039944632,-0.09346245226704347,1.0420943613927387,-0.6399908064319261,0.25502209694746736,-1.0994250332851088,1.4936159669018907,0.6834800255188662,-1.1126322941296287,-1.253954772097521,-0.18668034697368352,-1.253954772097521,-0.9677750944878925,-0.9507326055297576,-1.1087409246095894,-0.8084617354515791,-0.12235128067370454,0.19682910282556207,0.003411289934711739,0.21623577061995908,0.8791611479687539,1.1084883023185597,1.31405302370273,0.9689738877158396,1.1818525780605595,-0.8032362039307624,-0.4960780645654215,-1.1087323063193812,0.3831155826146117,0.6703255254223295,-0.5372083593043918,0.010914626337784823,-0.15752324328794662,-0.6613156438611102,-0.9655985205713058,-0.9481948477691152,-0.9655324572941224,-0.2108439314368901,0.05038199421631536,0.20019344151866675,0.20050054137623904,0.3804888919104981,0.8897451078739942,1.0133162054921518,1.3039863545527297,1.1455579267789011,1.276888165394678,-0.8024503024549021,-0.4895388415373296,-0.9561752148484898,-0.44604824075452265,0.4999020735541744,-0.045407606960244234,-0.26594168102238386,0.15258320852807625,-1.112573247602218,0.8010086251567089,0.7813379465118829,-1.1127147217533837,-1.253954772097521,-1.253954772097521,-0.9675213190037136,-1.253954772097521,-0.521742950824596,0.7929134245688085,0.3466715616358389,-0.3409430272944792,0.8179434009725679,0.005911139643247608,-0.6755666222907234,0.7284787440981135,1.009065301169039,0.9707737072663788,0.8728947792382006,1.6755873883964139,2.272975027131213,-1.1126348638216983,-0.6840918745276833,0.8736678487626607,0.8569764039409739,-0.9658784101747392,-1.253954772097521,-1.253954772097521,-1.253954772097521,-1.253954772097521,-0.6815454933595093,0.7845741189672785,0.04631529553340846,-0.4951540890450421,0.8218936887378283,-0.13829464439813946,-0.5342084758477654,0.7297429195890738,1.0208345087383506,0.9650763674483028,0.8702968480535591,1.7817275129078065,2.2499036681845324,-0.8286460092585155,-1.1111978103998148,0.7760852933752658,0.8641604679488727,-0.8094041446757113,-1.253954772097521,-1.253954772097521,-1.253954772097521,-1.253954772097521,-0.6827373186161948,0.7159377888695021,0.1565000926686555,-0.5005382123660711,0.8140464772085931,-0.2984133146052034,-1.1079123992350803,0.2382204069787018,0.887056841857116,0.6863431311266956,0.8859698575106351,1.1768318337953518,3.068200552949815,-0.8298328286296088,-1.1107970024320142,0.6835851627476309,0.8714983297114601,-0.5019589746551765,-1.253954772097521,-1.253954772097521,-1.253954772097521,-1.253954772097521,-0.5406325745306052,0.5166036636584409,0.4183486528410821,-0.5009969949852237,0.8077403659119621,-0.3107729759768914,-1.1108184754421813,0.20373152768572528,0.8195693801379437,0.6310812861658558,1.0330427570022302,0.9118683312756782,3.357011218161092,-1.1125677982839657,-1.1113839015550615,0.6986092443125299,0.7858068488356664,-0.9663088082504524,-1.253954772097521,-1.253954772097521,-1.1113965125082537,-1.253954772097521,-0.3801239205867061,0.7346820972479423,0.6036891380822796,-0.058418757032515325,0.8202169766485383,-0.1514010422065113,-1.1078189088543025,0.2365778118412981,0.8764141883743518,0.6819226923066248,0.8854319750259639,1.153859162896704,2.9868755690240807,-1.112619853604445,-1.1101354309565696,0.04946216162798037,0.7903337888519669,-0.8126540633425332,-1.253954772097521,-1.253954772097521,-1.253954772097521,-1.1117448457052157,-0.233859188579075,0.6857887665605134,0.5846816310645244,0.08855869622031329,0.8220334498646398,-0.30324238983656154,-1.1108277021273896,0.20210190705326594,0.8095049425043125,0.6232034937013802,1.0321704603504658,0.9033529486821374,3.2248424163217044,-1.1126070872017848
Moratalaz,0.3846268138479635,-0.6582625842082662,-0.030338116467928444,0.6142619435059002,-0.3101309917607951,-0.20220018026647307,0.21236214517945864,0.562675606278764,1.147079894405083,1.0881508360433882,1.3419931902805022,1.8385127286485228,1.276506014176852,0.2559296506517297,1.3668856213493452,1.5257742284623037,0.6398289656468238,2.191262143336025,-1.0309222078244855,-1.0309222078244855,-1.0309222078244855,0.2755132408072149,0.21531375289579266,-0.658621660340173,0.08210740141027315,0.3723164039873053,-0.3518717195009435,-0.05589573000028278,0.326412881468696,0.7951047701470014,1.0912682987442994,1.134070532639888,1.3019762709329965,2.1662797810544374,1.1713450347889225,0.29448131141066963,1.235791166807817,0.9787107270540152,0.370257634817786,0.5099017340163872,0.019616875083320443,-0.5662561949944556,-1.0309222078244855,0.2742399723583102,0.16907044564690618,-0.6589860958173321,0.07940699852485156,0.0588598189241301,-0.3880967082182865,0.10365786705944947,0.4533724233149308,0.9322902412513556,1.0415510727246355,1.1709173859572404,1.2750601287528287,2.3991668972375866,1.1148406279536172,0.37591196432049295,1.149760431014939,0.7408570307895425,-0.17448935113201758,-0.505765689955146,-0.7129073181521254,-0.5662561949944556,-1.0309222078244855,0.3954273966021481,-1.0309222078244855,-1.0309222078244855,-1.0309222078244855,-1.0309222078244855,-1.0309222078244855,-1.0309222078244855,-1.0309222078244855,-1.0309222078244855,-0.5496720686814535,0.7930060080606108,0.6132719688226478,-0.4944808450976002,-0.9121061489903484,-1.0309222078244855,-0.5453920330801666,0.9886823916589346,1.688495650026039,1.556588541378351,0.5680878984681005,0.7132028117782719,-0.07379342987923844,-1.0309222078244855,-1.0309222078244855,-1.0309222078244855,-1.0309222078244855,-1.0309222078244855,-1.0309222078244855,-1.0309222078244855,-1.0309222078244855,-1.0309222078244855,-0.7945705851452484,0.7724409447662927,0.5920795311785744,-0.5051902817217729,-0.9122539515601044,-1.0309222078244855,-0.5466526958877974,0.9854331972439117,1.6957466449517171,1.552518649295134,0.5543815049129701,0.7132028117782719,-0.07379342987923844,-1.0309222078244855,-0.9132040234154808,-1.0309222078244855,-1.0309222078244855,-1.0309222078244855,-1.0309222078244855,-1.0309222078244855,-1.0309222078244855,-1.0309222078244855,-0.6731379220210829,0.7550291908567258,0.5548767974915652,-0.652125769167072,-0.9105657891722706,-1.0309222078244855,-0.5404818899927226,0.9851873224016724,1.4411306811518656,1.3673685187857036,0.16584449095746898,1.009227953168468,2.19201648582723,-1.0309222078244855,-0.9119223572706636,-1.0309222078244855,-0.7949009144143474,-1.0309222078244855,-1.0309222078244855,-1.0309222078244855,-1.0309222078244855,-1.0309222078244855,-0.5495657250943256,0.7393914647039825,0.5234576820668224,-0.7880202716395245,-0.9092589505820352,-1.0309222078244855,-0.4138768982904623,0.9850130380473744,1.2999455258694832,1.2397385290485652,0.0057674345702937,1.0641501257105528,2.9666140640735823,-1.0309222078244855,-0.9120143856695968,-1.0309222078244855,-0.7953222739517237,-1.0309222078244855,-1.0309222078244855,-1.0309222078244855,-1.0309222078244855,-1.0309222078244855,-0.4248070242923133,0.781163924741821,0.5789429358979175,-0.640283210633765,-0.9103993248379032,-1.0309222078244855,-0.5391338327544611,0.9851341298565072,1.4343795796977,1.3622188439599483,0.1652930369665308,0.9993565838050172,2.19201648582723,-1.0309222078244855,-0.7920431214111412,-1.0309222078244855,-0.5561839732488112,-1.0309222078244855,-1.0309222078244855,-1.0309222078244855,-1.0309222078244855,-1.0309222078244855,-0.2988557482362624,0.7706103761598774,0.5502786474935051,-0.6593050857218006,-0.9090857135038024,-1.0309222078244855,-0.4121725495287307,0.9826284995476166,1.293601662802188,1.2306560096794297,0.001796588780705963,1.0508412837489205,2.9666140640735823,-1.0309222078244855
Puente de Vallecas,0.8545318635488101,-0.5335954824494856,0.2090030030019595,0.5337699174288074,-0.6609384086348206,-0.04848307094935056,0.31184236663890713,1.0544994828755896,1.2369660380131346,1.481953422690164,1.783604141541864,2.6736696951094565,1.6476619549425533,1.1505320775664838,1.1142736139841587,0.9249382783641066,1.5882626736816678,-1.0688761301383032,-0.6508817163281175,-0.9502357010481692,-1.1898368440658824,0.5191323137500338,0.9313156389845916,-0.5429488154989811,0.07283281036040744,0.3398229357195521,-0.4030279859847092,0.08712185054724181,0.4741716828202907,1.039548042834074,1.2309785618605469,1.3752218455307077,1.7361327382371818,1.935020997735592,1.5327264684329571,0.993519459392714,0.620886378309553,0.9742226537943552,1.346160277869551,-0.6530795940962876,0.6095570516207419,-0.7068525416140875,0.4749368410256226,0.7799426322003568,1.0199049198936254,-0.6722618970204706,0.0609769561292273,0.15553444692838256,-0.3782059353906653,0.2346288437881099,0.921805159787082,1.0223849493348924,1.2241274141073428,1.2698896096689314,1.6932711612864668,1.5125988992374386,1.4612110546047643,0.9079922608752956,0.3519369624488013,1.0011050403926736,1.230873422720924,-0.4182900023453821,1.9999774192145048,0.3572078316501975,-0.5931486406407006,0.8062370989596822,-0.30829484671836377,-1.1898368440658824,-1.1898368440658824,-1.1898368440658824,-1.1898368440658824,-1.1898368440658824,-0.5683505509790582,-1.1898368440658824,-0.4399627223145178,0.6621301186422233,0.931979898680957,0.2833067922864105,0.4873817794593249,-1.1898368440658824,-1.1898368440658824,-0.02021595557834077,0.8829494080096095,1.477048257258208,0.6961795677173828,1.2928491847061574,0.24871051134045666,-1.0689586828868631,-0.7018807344701884,-0.5772672351323411,-1.1898368440658824,-1.1898368440658824,-1.1898368440658824,-1.1898368440658824,-1.1898368440658824,-1.1898368440658824,-1.1898368440658824,0.5637085301614793,0.7406350677584357,-0.1323637077719803,0.2175255363082891,-1.1898368440658824,-1.1898368440658824,-0.02182669529950917,0.8796931140776054,1.4950540954505398,0.7033281111936208,1.3349672120778917,0.0768131117630642,-1.1898368440658824,-1.068019726837154,-0.7016364876905399,-1.1898368440658824,-1.1898368440658824,-1.1898368440658824,-1.1898368440658824,-1.1898368440658824,-1.1898368440658824,-1.1898368440658824,0.6186006480006455,0.7805813151996469,-0.27554824042429354,-0.3085072666081231,-1.1898368440658824,-1.1898368440658824,-0.041528829801879566,0.8292482747853491,1.1885507303920084,0.9961125943390972,0.9713902676333062,0.9051822595352604,-1.1898368440658824,-1.069001725307381,-0.8250308747931963,-1.1898368440658824,-1.1898368440658824,-1.1898368440658824,-1.1898368440658824,-1.1898368440658824,-1.1898368440658824,-1.0690625040823545,0.6728711377851543,0.9401214176425018,-0.29517856733219605,-0.8102361599696556,-1.1898368440658824,-1.1898368440658824,-0.17490627683093632,0.8009782820539059,1.0646748774753512,0.9792153280243179,0.8874878958384017,0.8922635969727579,-1.1898368440658824,-0.31503309088006337,-1.1898368440658824,-1.1898368440658824,-1.1898368440658824,-1.1898368440658824,-1.1898368440658824,-0.5729428876975402,-1.1898368440658824,-0.4405203255032397,0.699764582124366,0.9676003773024398,-0.11732631403469747,0.07664001018398328,-1.1898368440658824,-1.1898368440658824,-0.03927740220508581,0.8318916716998344,1.180690203160296,0.996243242989194,0.9654283001385184,0.7813573046230079,-1.1898368440658824,-0.4426272031768471,-1.1898368440658824,-1.1898368440658824,-1.1898368440658824,-1.1898368440658824,-1.1898368440658824,-0.456849055954085,-1.1898368440658824,-0.5617424569419548,0.7369656352784988,1.00186336817158,-0.2664626980050725,-0.43477378548225226,-1.1898368440658824,-1.1898368440658824,-0.0516625691952848,0.8033014415891628,1.0602947436830197,0.9821697957368194,0.8884933381909309,0.7440186708508701,-1.1898368440658824
Retiro,-0.2504375181922788,-0.7624416545091762,-0.7586826350929408,-0.9302676966614956,-1.0873877301229131,-0.26314898331861225,0.1799366536260547,0.14819556867597175,0.5870254798666752,1.0291562991295575,1.1212271822566298,0.9760962101100222,0.9247639594808796,-0.4083968104979094,1.9133496258427904,0.8539574619432079,1.3844360743579325,-0.5752457331030167,-0.9125208070860972,-0.6874175617563266,-0.3244527078183381,-0.09341615041745316,-0.08358689317210903,-0.9283351753856844,-0.7563046959838344,-1.0873877301229131,-1.0873877301229131,-0.4255800761340665,0.33777829115585417,0.3034577992796469,0.4959397715340607,0.5054731010418878,1.4374033731842548,1.2935661126576947,1.1748835189908409,0.9834749291255968,1.5268221856872857,-0.006681278910163656,-0.750962858390968,-0.610561430840665,-0.7686387633496751,-0.5701081167040284,-0.4768756861622279,0.059716053027294075,-0.06133907467048731,-0.9300252704185424,-0.7539904516722934,-0.7718837915963678,-1.0873877301229131,-0.4297852873021743,0.5017583923224608,0.3055125945038887,0.2714100118596203,0.3260944836483527,1.3888345502283617,1.402178426277379,0.9952963491968376,1.4097710558411771,1.1296649007187338,-0.38689508875156,-0.9263260904837404,-0.4049675962268,-0.9253322089972984,-0.5615954801314823,-0.25172214452218833,0.0595180523263112,0.32094135963624737,-0.6213682357129813,-1.0873877301229131,-1.0873877301229131,-1.0873877301229131,-1.0873877301229131,-0.6190967526818655,-1.0873877301229131,0.5218689310019905,-0.3082691135268159,0.6585820311299241,-1.0873877301229131,1.0905326101562072,0.4885461339090725,-0.26067012499563114,0.4859367509970237,1.4251910722237326,1.5782258469813049,0.8758623192811614,1.947671709337913,1.9728854689329536,-1.0873877301229131,0.4843430901229175,0.3339305094267235,-1.0873877301229131,-1.0873877301229131,-1.0873877301229131,-1.0873877301229131,-1.0873877301229131,-1.0873877301229131,0.36255005896923537,-0.6198961618879003,0.1830573884487848,-1.0873877301229131,1.087215255187754,0.4958440290044214,-0.4180096474349768,0.4828508726580008,1.4243191223621952,1.5947439305107105,1.0687576052005234,2.0611523181173,2.4593835423888906,-1.0873877301229131,0.8210471960755971,0.34504913494208456,-1.0873877301229131,-1.0873877301229131,-1.0873877301229131,-1.0873877301229131,-1.0873877301229131,-1.0873877301229131,-0.1533879410164121,-1.0873877301229131,-0.9326413949299982,-0.7784897233662007,1.151939568271632,0.3430448989754058,-0.6038556681244079,-0.4626955999961742,1.21668375351628,1.3322036417094951,1.2124991208320242,1.7107532666136454,2.217323399951572,-1.0873877301229131,0.8529759650560965,0.5145934501799602,-1.0873877301229131,-1.0873877301229131,-1.0873877301229131,-1.0873877301229131,-0.9325390909064474,-1.0873877301229131,-1.0873877301229131,-1.0873877301229131,-0.9329164509811956,-0.3080435543346316,1.204214234189296,0.34498060635167266,-0.9299094204995846,-0.6118575343508336,1.1177343783514326,1.2886896900114897,1.3700194974764743,1.6345090285549797,1.872547853562004,-1.0873877301229131,0.8092290253606934,-0.7782264702963536,-1.0873877301229131,-1.0873877301229131,-1.0873877301229131,-1.0873877301229131,-0.6148144328821703,-1.0873877301229131,-0.3026990225986021,-0.9326707249706432,-0.6204079946151954,-0.4684380251594475,1.1526183638838907,0.3409442317043791,-0.6016382650352821,-0.4626364979732139,1.2064056341846323,1.3216540739449114,1.1903979579099186,1.6654657156390318,2.064747281579652,-1.0873877301229131,0.8424104442098106,-0.7757544395086313,-1.0873877301229131,-1.0873877301229131,-1.0873877301229131,-1.0873877301229131,-0.3015130701229153,-1.0873877301229131,-0.7773186997665682,-0.9329161424323232,-0.6199472404070401,0.008214396965395155,1.2023833483724709,0.3465330461160687,-0.9293557129565392,-0.6118467661650618,1.1024804956346803,1.280162076731243,1.353876621388459,1.6019058071482932,1.6076513243960628,-1.0873877301229131
Salamanca,-0.7072455876279008,-1.0492962293641568,-0.8834759816907762,-0.3382767140147181,-1.0492962293641568,-0.6937872178210605,0.568379703515394,0.19318571594102552,0.6734363136813609,0.8417818692883067,1.6899697436826122,1.3784957694253728,2.0601330726880724,0.742098000947507,0.05830944872458602,0.2985821661539317,0.6744377137376505,0.6775853652812341,-1.0492962293641568,-1.0492962293641568,1.0549972312279206,-0.3554221722825933,-0.7095550302106126,-1.0492962293641568,-1.0492962293641568,-0.7074802238111704,-1.0492962293641568,-0.5207800585687441,0.5641822498354824,0.18474832331318072,0.4252855237025021,0.8242473277185379,1.4857631728862233,1.55948235144492,1.8353881159662568,0.8955256385052279,0.00585096323485097,-0.33573900478442764,-0.8799252287315654,-0.35921536742122145,-1.0492962293641568,-0.8563828891933806,0.11536794764718955,-0.3516384880221345,-0.8765432549415476,-0.7139381600748932,-1.0492962293641568,-1.0492962293641568,-1.0492962293641568,0.4942378330911012,0.560886654188347,0.3459794326406359,0.2069390995959493,0.6487087565665258,0.9044392770409194,1.671382657532274,1.7109757292095369,1.1928007920087735,-0.005758855692569936,-0.6964066589978254,-0.8823882352382892,-0.7033889747050939,-1.0492962293641568,-0.06764589562770627,-0.4729854227460316,-0.014361299679959513,-0.7098483408124777,-1.0492962293641568,-1.0492962293641568,-1.0492962293641568,-1.0492962293641568,-1.0492962293641568,-0.7155195878576345,-0.8833258589176481,-0.35967425169217104,1.0307474823411498,1.2922983785639046,0.17123668676719228,1.315089972533231,0.4190250544414872,-1.0492962293641568,-0.7134635760367859,1.4305660446346526,1.3719915293317295,0.5695012596253975,1.7450780574000069,2.168232625293975,-1.0492962293641568,-0.7093331087969196,0.2914102488164384,-1.0492962293641568,-1.0492962293641568,-1.0492962293641568,-1.0492962293641568,-1.0492962293641568,-1.0492962293641568,-0.5410783940108266,1.015066866273221,0.932221610673844,0.003857751974493021,1.2857984873020325,0.42134821299069103,-1.0492962293641568,-0.7126524576237936,1.4332818326323051,1.3815771544775453,0.5906650185505112,1.8441937598386529,2.1598638310303606,-1.0492962293641568,-0.7114675319172724,1.13612022689157,-0.8814851065044651,-1.0492962293641568,-1.0492962293641568,-1.0492962293641568,-1.0492962293641568,-1.0492962293641568,-0.7152595171188292,0.6455702597016562,0.5509667399080854,-0.17533917492144868,1.247610036074856,0.007914028403865155,-1.0492962293641568,-1.0492962293641568,1.227018661582717,1.035133284057259,1.2136408426959229,1.5389221848682049,1.9716779865406693,-1.0492962293641568,-0.38037539601816794,1.1577513729587552,-0.3688896870238613,-1.0492962293641568,-1.0492962293641568,-1.0492962293641568,-1.0492962293641568,-1.0492962293641568,-1.0492962293641568,0.1252720773028396,0.5139132699378431,-0.18472101628521767,1.2202669316093602,-0.3610204493312904,-1.0492962293641568,-0.8833249724453206,0.6448413561953641,0.9186393863406396,1.2067384057172887,1.4747765121528964,1.9118391153936565,-1.0492962293641568,-0.7116955141505656,-0.7173544520702501,-1.0492962293641568,-1.0492962293641568,-1.0492962293641568,-1.0492962293641568,-0.7160200825151998,-0.8831137015642622,-0.3709637818596193,0.8302361763432946,1.23270368306675,0.4962518094936256,1.273479110540799,0.17761936674892834,-1.0492962293641568,-1.0492962293641568,1.2174898376977428,1.02930841874386,0.8525415964783634,1.5028817393861285,1.897723529818789,-1.0492962293641568,-0.7135821819063276,-0.21326318901907426,-1.0492962293641568,-1.0492962293641568,-1.0492962293641568,-1.0492962293641568,-0.8815150582691456,-0.8829243724975272,-0.7104287317671114,0.6426134344589074,1.023328832356144,0.4951901400680838,1.244012615485454,-0.3533914432399803,-1.0492962293641568,-0.8833179902451543,0.4698265978889365,0.9132320922368659,1.175722914698279,1.4511100448721057,1.846758048062596,-1.0492962293641568
San Blas - Canillejas,0.6855471776666793,-0.8439046802979373,0.3423486095713989,0.06924265315806216,-0.6334285406271543,-0.4561359687388735,0.1908649072556456,0.6291629418735792,0.9710554711510176,1.0632588808444314,1.1228738362986088,1.5645710869390586,1.345066674464762,1.7387879439627163,0.15250050013151112,0.6369295345944546,0.2864387700140961,-1.1010947825441582,-0.9209036819190914,-1.0418650289866411,-1.5303719180052602,0.10754509768067022,0.7026160042224731,-0.7162765594750649,0.3316928284575517,0.4851708329150921,-0.4867294968481883,-0.25811491840037193,0.6783838609458619,0.7703396480862138,0.9922458686127256,1.2191285798859963,1.2195353336145596,1.7455966531191311,1.827952765788059,1.79109166001314,0.08784835636188666,0.9702675884447948,1.2179403536119575,-0.875615640495777,-0.7533560760506227,-1.5303719180052602,-1.5303719180052602,0.5997209815807306,0.7197395385556891,-0.709104123677312,0.4473085978499141,0.8270330578167375,-0.4588472554672966,0.003786924233194333,0.8799640923775573,0.9558035412669599,1.015496443605434,1.397818980720941,1.3158207161549615,1.9123987819564832,2.1601700812838147,1.8244770106836228,-0.1787704714690899,1.2334292099055897,2.4481383221475266,-0.6433672645870241,-0.7868397361486045,-1.4064115881807957,-1.5303719180052602,0.7509908508279863,-0.6058240959361628,0.4816785048722048,0.228602651218423,0.13411960830917194,-1.5303719180052602,-1.5303719180052602,-1.5303719180052602,-1.0221533032567762,-0.0220845247969101,0.6882579443016581,0.8361150929396127,0.15797898728908674,0.31459073063085835,-1.5303719180052602,-1.5303719180052602,-0.4750006914928133,0.7791752925146803,1.4708808701080478,0.6862188340169514,0.7149253050280521,0.0941787005264054,0.11345418504839225,-0.7438008057618594,0.5490395426564846,-0.2773986713677328,-0.9813646963153454,-1.5303719180052602,-1.5303719180052602,-1.5303719180052602,-1.5303719180052602,-0.21448425809936464,0.6520069802519839,0.8135758733203609,-0.3740060996769848,0.28352640945959223,-1.5303719180052602,-1.5303719180052602,-0.4759682112139899,0.7806136115131368,1.4850917205587064,0.6932494910839442,0.8113647429867874,0.06327130354112091,-0.8993665690966393,-0.7370490770041124,0.5578522178997347,-0.27886935514635897,-0.8565639619838425,-1.5303719180052602,-1.5303719180052602,-1.5303719180052602,-1.5303719180052602,0.07634373462652437,0.6727314884642003,0.789600234639162,-0.1340443584255612,0.10188389931117407,-1.5303719180052602,-1.5303719180052602,-0.35320375812312604,0.7135065916671632,1.3041238006251064,0.5530445537639989,0.9033077790513248,0.8737536444645101,-0.7669433237734758,-0.6046031146972106,0.5672366115010586,-0.2804144051839471,-0.7307552473887015,-1.5303719180052602,-1.5303719180052602,-1.5303719180052602,-1.5303719180052602,0.2585513902557807,0.6932410121513933,0.7669066411533543,0.1074856037433298,0.05734184666006145,-1.5303719180052602,-1.5303719180052602,-0.3516443759293111,0.6761414954190185,1.102818049517589,0.5480599552215909,0.8783202505487162,0.8577697421785145,-0.7579784710510407,-0.5948620653844209,0.4942933300807973,0.2308634007234363,0.14976611346857727,-1.5303719180052602,-1.5303719180052602,-1.5303719180052602,-1.023200737905851,0.27307462683770456,0.7178580339610896,0.8201863816055164,0.16191284680984078,0.2659951194497008,-1.5303719180052602,-1.5303719180052602,-0.3507016142127963,0.7161561223174452,1.2950055507248164,0.5486576528859901,0.8706553211864465,0.8796407676998023,0.13556568753702022,-0.33319613208966603,0.5076607442933116,0.3574698578303258,0.16613439974610952,-1.5303719180052602,-1.5303719180052602,-1.5303719180052602,-0.9001721827710609,0.3281000185424929,0.7475085067518564,0.8050545365766674,0.2898127283485629,0.10429039235472637,-1.5303719180052602,-1.5303719180052602,-0.3481433198365093,0.6809681650528082,1.0955512740902849,0.5448502157160587,0.8570795032849564,0.8577697421785145,0.15640469228305132
Tetuán,-0.2668823221692621,-1.3867552201782292,-0.7590923171517413,-0.7650763662218597,-1.3867552201782292,-0.4037015830089449,0.18708189118306293,0.3995094870494729,1.0569276296374859,1.3512570128426218,1.4222123116078491,1.6564800249136264,1.5611567661218435,0.9050282544345292,-0.6933891333411313,0.44235916831679534,-0.1443981295733015,1.4869194674555613,-0.4609462716703273,-1.3867552201782292,-1.3867552201782292,-0.06616398734043114,-0.267844747695193,-1.3867552201782292,-1.2255391580671269,-1.0749533356562189,-1.3867552201782292,-0.2464660780606095,0.3428321809485022,0.699646042236051,0.9836529634405649,1.1114871375069286,1.350758484850025,1.5255039374988455,1.5936164651061144,1.2157200184181531,-0.025560793715152613,-0.5729954790311099,-0.032818663879761775,-0.3048945464210045,0.8241364310630566,0.07503062955048365,-1.1640648152342037,0.0873276931034729,-0.2680084595069829,-1.3867552201782292,-1.2281207498964244,-1.0683238758170486,-1.3867552201782292,0.08343965171415496,0.8243755857436086,0.8684779892080962,0.9177057638633348,0.9334909673239148,1.2984694261961205,1.4396179785383336,1.6143154035888376,1.3173897799904066,0.3936564519235589,-0.7293268300911901,-0.04249361560561648,-0.8673175613115447,1.3816264985379751,-1.0823347155012422,-1.3867552201782292,0.09289316550368272,0.5711671395006775,-0.4415287147439512,-0.6231633247890392,-1.3867552201782292,-1.3867552201782292,-1.3867552201782292,-0.14502741929380525,0.697748774239513,0.8134720140804441,0.9401816968473888,0.8410475496421026,0.8039689802970689,0.7220424375619351,-1.3867552201782292,-1.3867552201782292,-1.3867552201782292,0.8632380347572172,1.0782772170654715,1.3434190191384268,1.4652470659852124,-1.3867552201782292,0.5940627036398546,0.7962100596872624,0.7050811965376546,-0.37786642332540793,-1.3867552201782292,-1.3867552201782292,-1.3867552201782292,-1.2343970268568902,0.04747838955944336,0.7415446568139589,0.8581915722617457,0.6360426219292832,0.14243845967328292,0.5333776574663371,-1.3867552201782292,-1.3867552201782292,-1.3867552201782292,0.8660893803186761,1.0754239926307292,1.357012479723166,1.4221254439316129,-1.0597732375158346,-0.44215481351362895,0.8102381862483222,0.9350935088119764,-0.3803321579838661,-1.3867552201782292,-1.3867552201782292,-1.3867552201782292,-0.9278700562568024,-0.12763779530128616,0.681501328418352,0.7789570676184235,0.5961390181179019,-0.18070694839288426,0.706306624223793,-1.3867552201782292,-1.3867552201782292,-1.2352164681223072,0.7823972204606483,1.0200449799061917,1.0629019471936494,1.2596397066598406,0.35936855734869444,-0.60552354312536,0.82500149791244,1.024537313834889,-0.3829127521808451,-1.3867552201782292,-1.3867552201782292,-1.3867552201782292,-0.4602117146479394,-0.2974767342001805,-0.11736735146535475,0.7153082512510943,0.5650739661652253,-0.1949283322845999,0.7239081967512678,-1.3867552201782292,-1.3867552201782292,-1.2338632565851018,0.7403145813175166,0.9955498504076192,0.6678303826619306,1.218456685692341,0.7032415192404559,-0.6146382601883638,0.5857033783028791,-0.10704675684894666,-1.2348003739069653,-1.3867552201782292,-1.3867552201782292,-1.3867552201782292,0.02350119543941016,0.6763206864718678,0.7493987743818605,0.8363349366764337,0.9498063053235112,0.7737633786910856,0.7496867851783799,-1.3867552201782292,-1.3867552201782292,-1.2351193309713129,0.7806728074839915,1.0138156836122707,1.0624644114484634,1.2488673290488923,0.2866336686178205,0.1361331981543008,0.7550717514004587,0.5484481858181518,-1.3867552201782292,-1.3867552201782292,-1.3867552201782292,-1.3867552201782292,0.35032973833685144,0.5058995266917726,0.6933214338446033,0.7540384441620686,0.9175176616139796,0.6004487907167173,0.7705582326448077,-1.3867552201782292,-1.3867552201782292,-1.2339271984130311,0.7390381809701478,0.9853618275425452,0.6706579092796866,1.1950171682728843,0.8649817690823638,-0.4699167576113757
Usera,0.6096148715020906,-0.6465910234204452,-0.16534020450028716,0.2816970955308327,-0.4799453833895089,-0.24782611962469905,0.035572921798875355,0.5136015334113095,0.8909053319711556,0.9741235918680504,1.6100768384656938,1.872375880385824,1.3277621990686572,0.5345780584014439,0.5626423351652864,-0.1775424601519869,0.5589607170603171,-0.20443685092909286,-1.2796856960126923,-1.2796856960126923,-1.2796856960126923,0.3782710609001915,0.4520595229855695,-0.5483515371158916,-0.19504873862824745,0.32458492031960273,-0.4810908088839486,-0.2391741319964845,0.2405477651575569,0.5135752875806058,0.7889286083923107,0.9468719750357516,1.3067494342144284,1.171411812572566,1.0412558495146609,0.5653597583910644,0.1636696244555174,0.5441436384135412,0.9425142960657952,-0.7001455899140354,4.278543209985233,-1.2796856960126923,-1.2796856960126923,0.3690922350743597,0.3077441197225371,-0.5421932871216945,-0.3148291516549698,0.3732893578735766,-0.4821785388720019,-0.12574444093745107,0.3826904674245315,0.5135454028857241,0.6837472290781033,0.9175393256453502,1.064644074857914,0.785232534471744,0.8931466349147142,0.5839077058207072,-0.5262321274917744,0.7888303150024213,1.1865938463420094,-0.7680327725919353,3.1673735042768927,-1.2796856960126923,-1.2796856960126923,0.3597586024457051,0.15846816016944354,0.23179218311102595,-0.02187227276207556,-0.7967134738269761,-1.2796856960126923,-1.2796856960126923,-0.6878982227501488,-0.2265513570108667,0.20011847940261365,0.3368633783750516,0.4111992282051166,-0.35751374800833474,0.034560179172657836,-1.2796856960126923,-1.2796856960126923,-0.4708833383722495,0.27815202864080685,0.6682380843007392,0.6759382415991029,1.1457013441834945,5.10075524206668,-0.010449116000161752,-0.2073616163456073,0.3125273094741181,-0.4810599482683445,-1.0801561615579611,-1.2796856960126923,-1.2796856960126923,-1.1854506647667378,-0.9968625232510924,0.04093264251432607,0.2203897610895144,0.2922683820333147,-0.6016340970586368,-0.09320387830506226,-1.2796856960126923,-1.2796856960126923,-0.4701617949858918,0.2766774143730381,0.6720389462197542,0.6686279145878636,1.1417636245280358,4.820881725185886,-1.1858021848740572,-0.08487336640091704,0.3064899498318953,-0.5862858265293461,-1.0811205236279726,-1.2796856960126923,-1.2796856960126923,-1.1851317392761471,-0.9967406814953178,0.039554938963090785,0.2367311504955836,0.2906730808813077,-0.6234712581430439,-0.30767548856517496,-1.2796856960126923,-1.2796856960126923,-0.3645813263437743,0.2356321838128605,0.5705465844685288,0.618698849777281,0.7943563054680761,1.591503624675174,-0.9008853396072856,0.0442795504200338,0.3001435004855001,-0.5979414243652756,-0.9873742013745668,-1.2796856960126923,-1.2796856960126923,-1.0904854476082313,-0.6031105551356422,0.03821910580910915,0.2526690488052075,0.19537466539286075,-0.735020859473769,-0.6034621871505281,-1.2796856960126923,-1.2796856960126923,-0.3539431514775467,0.2123201717392705,0.4893755284065851,0.6010904556909504,0.7111233019432935,1.2810800386602603,-0.8957248859247643,0.1646724832677322,0.2297207766656867,-0.2266628808992305,-0.6045026343419937,-1.2796856960126923,-1.2796856960126923,-0.679941402499129,-0.12941401056261345,0.17640957942993432,0.34202598581431537,0.3890354278947871,-0.4885772409306509,-0.08641329420021335,-1.2796856960126923,-1.2796856960126923,-0.3623010174118643,0.23907292962696344,0.5633070672589781,0.6249657065584596,0.8013800810222859,1.6532279471505484,-0.006364030702408968,0.17126616361366195,0.22752616684389884,-0.2434601331738425,-0.3145261736475333,-1.2796856960126923,-1.2796856960126923,-0.576459495044045,0.07028667225075545,0.15316026444873218,0.3471352467545949,0.3688915842437904,-0.6098830513676909,-0.10717091019898776,-1.2796856960126923,-1.2796856960126923,-0.3497385084131692,0.2168651295088337,0.4812575021287172,0.6070309257108248,0.7188864450565801,1.3229726161896882,-0.00260931319463658
Vicálvaro,0.8887711377136771,0.6587795337702319,0.3149735888020589,0.5503901293823086,-0.3802059761960738,-0.2353085434319848,0.6506125482582807,0.8858670490040205,1.0533500650475958,1.110636766899066,2.2262025145095263,1.7225949441773625,3.89818711702688,0.8997576283954235,0.6410872036163345,-0.11150323990167167,-1.0505069201231696,-1.5374082823187891,-1.6566717227401175,-1.6566717227401175,-1.6566717227401175,0.6890300452823891,0.9805859422887792,0.4566311457713654,-0.0032219600971861192,0.4737140369049717,-0.2808578764796469,-0.09694092464918104,0.8480096397993853,0.7865625765175842,0.9967896931486016,1.044049794192292,2.434193661682844,1.4315635713017552,1.6539739054968097,0.4066052162253836,1.0003618955056093,0.3855917593886123,-0.99109409623037,-1.6566717227401175,0.923737675891148,-1.6566717227401175,-1.6566717227401175,0.6581084090216796,1.0827948756837051,0.2812735079892161,-0.1842082782027624,0.3995519146727943,-0.2935895108546663,0.04294970987520155,0.9551508970649416,0.6800505213506799,0.9335225577833242,0.9792151102409588,2.649984476875164,1.2173321440461,0.8422372119646556,-0.14737519550654096,1.0762910882360193,0.515389914175664,-0.6513187358346177,-1.5364509677423617,-0.007307906999307841,-1.6566717227401175,-1.6566717227401175,0.6274860455440129,0.10067366147431836,0.3362085338194737,0.15779172793070512,-0.099110195990398,-1.533540628050195,-1.6566717227401175,-1.0222211264679608,-0.44014598110562897,0.31854430612430445,0.8258053969921274,0.9180863069768336,-0.4244164746574141,-1.5363824257071403,-1.6566717227401175,-0.0731432514648328,0.7889436584080746,1.054769264980112,1.4118350902213501,-0.14117195441980665,0.4214063335832489,-1.5374082823187891,0.05239563628352677,-0.07537537679068453,0.30680965787459474,-0.10709009217175526,-0.9550932184653559,-1.6566717227401175,-1.6566717227401175,-1.4117501151506358,-0.6414773301151002,0.2359260980292341,0.793458065234739,0.8251294189415479,-0.7111036156267763,-1.5370580740457862,-1.6566717227401175,-0.0802843314065957,0.8022182430423557,1.0766014481278328,1.5077193165575036,-0.14384596289867752,0.4214063335832489,-1.5374082823187891,-0.02172454523030661,-0.08430638248777826,0.3221422859402116,0.041157102427256925,-0.8195343137286831,-1.6566717227401175,-1.6566717227401175,-1.167998714290163,-0.5049233444713975,0.2807316329749563,0.7815719307059137,0.7530907568699289,-0.8993385585748745,-1.5347026947602056,-1.6566717227401175,0.13720059301409546,0.6304842521851867,0.8610477607858124,0.8733298761427278,0.7389683907581324,0.3426665205407505,-0.4888945803136248,-0.0020299900058070265,-0.09359982148693533,0.2201838515961856,0.19491611583876506,-0.6791056963886958,-1.6566717227401175,-1.6566717227401175,-1.1519169952583783,-0.36013069057250696,0.3275653254410621,0.7696784951116525,0.5681507259372549,-1.0690531237434242,-1.5325623095270615,-1.0474680622901191,0.2336426838912164,0.5046976337162941,0.7253623870694668,0.6180576311949499,0.8338856056288492,0.10176727947722973,0.5123566494653526,0.017348758128524367,0.09987346646211684,0.3344443061667262,0.17903784864433447,-0.08094369260894142,-1.534927879445406,-1.6566717227401175,-1.006507239718056,-0.3120683417690529,0.35101310527912666,0.8086724810383453,0.8597547403204954,-0.6267761174922145,-1.5341334019501165,-1.5372895536960265,0.14862778756244632,0.6262524510324287,0.8433567598342304,0.8327061901361353,0.7428394866491105,0.3687546349712221,-0.4651627733100898,0.06661217172901564,0.09903569323111028,0.3326175623388951,0.20167297524851494,-0.06115901773630467,-1.5362974775885043,-1.6566717227401175,-0.9897251046340642,-0.30001992029472063,0.38517794467540695,0.7915772612692806,0.8043884353985835,-0.8010951605503109,-1.4128391180989883,-0.9240992257818684,0.24835805124650184,0.5062517562971284,0.7102938166368225,0.5951728522105587,0.832434645092422,0.12796532658255078,0.551909661137911,0.08061011160488755
Villa de Vallecas,0.5067355086167024,0.4365866380430141,0.06672245678787142,0.3930274029512427,-0.5818490422591134,-0.2279358950342804,0.5435750864138427,0.8544351826995183,1.163654153454373,1.0878839117857748,1.609922007961992,3.8382973774159233,1.3531390887430204,1.8421065080854169,0.3363573122907254,-0.4415611116723777,-0.7746695642516571,3.708225471847345,-1.2233131423190868,-1.8883234046135455,-1.8883234046135455,0.5004738430267661,0.4362920481254654,0.4040723658041987,0.2393350731093866,0.2246707486587121,-0.5268043812489943,0.19152700659034586,0.6649116677793175,0.9454202998101424,1.1659350840533784,1.2120503913978753,1.8253349832422123,2.82985981182814,1.6938642677630178,0.5653890413293691,1.3087934858774164,-0.8471948972266014,1.121890706797132,0.967441864208002,-1.1893224778978484,-0.5796080105370692,-1.8883234046135455,0.5649309960426859,0.3702513039149316,0.3718915732806518,0.4541200900094531,0.07092037944178853,-0.4684468471225258,0.3227288013864193,0.8100547935899165,1.0583673417405712,1.1684725048402254,1.3475692348602246,2.051738416444893,2.221319901559649,1.994504131604192,0.03704808003093373,1.9571815540991204,-0.9127012764759658,3.9673613628470097,0.038365271995351086,-0.6792150180232692,-0.5796080105370692,-1.8883234046135455,0.6337006258437909,0.3949154152705022,0.2760593708819236,-0.6927951267917375,-0.305056380072654,-1.4351133976189197,-1.296513724232979,0.2876220226650533,0.2753235183833745,-0.18986546887399264,0.11504661422098753,0.07550204494754516,-0.15784937556631926,0.04500828541324129,-0.7515322836803187,-0.9145709941527128,0.02694048399885522,0.34937854146040315,0.7292405843905648,0.8528447485820924,-0.5988579085115053,-1.8883234046135455,-0.0024552267389335736,0.17865802794368255,0.03746706893242109,-0.8276143001538341,-0.8151934384986692,-1.7762000370181181,-1.8883234046135455,0.1159530897512823,0.021897388916624787,-0.39706922202302425,0.02405154867991246,-0.4467513079142489,-0.5685492341690953,0.013180285332225124,-0.7689434940969312,-0.9193175984344109,0.027313410630171068,0.3603373588090808,0.8180695258279984,1.0097696452695608,-0.5988579085115053,-1.8883234046135455,-0.388220577702912,0.19489279623109626,0.008822022341556107,-0.8032461715930201,-0.953022071747098,-1.8883234046135455,-1.5507616783646592,0.2993978909221562,0.001960428280977401,-0.4480580619071583,0.04795677165369937,-0.22547961105761466,-0.17444727169122534,0.06544554663885073,-1.0288741043657503,-0.6921160456053943,0.012438885296805596,0.2844680960457463,0.3016822680653753,0.551182504342808,0.44277237524732105,-1.8883234046135455,-0.3802979963032262,0.212731285365799,-0.02170481563118978,-0.7757489353727004,-1.4131287249034241,-1.8883234046135455,-1.1917634401123849,0.3733958808272116,0.09309909245802453,-0.3849239331814014,0.07139146455455063,-0.22258948562320746,-0.11028647295617944,0.11517013552084852,-1.0587460531142636,-0.4610261706607275,-0.1084046185009936,0.2415277819857349,0.1868411619890556,0.4183503669709212,0.6599072870923479,-1.8883234046135455,-0.3727050911222024,0.3976940805706352,0.2473491413674073,-0.658006810933414,-0.6805318303963653,-1.325280370302614,-1.1510387115320886,0.3655257744307245,0.2707693775267823,-0.1299127628356404,0.1428261247657832,-0.025251550940808817,-0.09563188134783958,0.10563790998321848,-0.7938509901167341,-0.5674900782696191,0.008565884352970734,0.2920503933261915,0.3078606080060141,0.5351888007417626,0.4253880008997895,-1.8883234046135455,0.010162544364409021,0.18017158384968024,0.1064020031395404,-0.618328654370764,-0.7180869380998048,-1.3260320280117144,-0.6529496519366375,0.4469743823023349,0.26648593466957715,-0.06734903745649619,0.17029806765618574,-0.01573017077900507,-0.034905664861464535,0.16321326023275373,-0.9385548546402912,-0.3254528064374146,-0.11434029103779345,0.25921370088222845,0.1876101798567139,0.41007463387246795,0.6294902909008051,-1.8883234046135455,0.02239391759927604
Villaverde,0.6811676186611294,-0.5957165691401141,0.11625971315927848,0.2389211085347245,-0.36828082907237547,-0.10380092841237697,0.34948956806997883,0.8706769562815955,1.1481479507367027,1.420418918030143,2.1734573039469782,2.5613601864432685,1.9817421888852964,0.8915810226416675,0.7809887595928167,0.2375137868177961,3.5498384566727688,0.03416322712091995,0.4988184434289325,-1.3698951974588265,-1.3698951974588265,0.6574940501728032,0.6988936484702643,-0.7270359096947695,-0.10658569185312183,0.20208913624454386,-0.3486836703255838,-0.10395935907396507,0.3228593114324886,0.8750833666990836,1.161754736690312,1.3668088799201663,1.8435480212700943,2.2531754468401144,1.8432226454913856,0.8416113843501228,0.750747566413908,0.4906852470865693,2.0214785755910234,0.5322560112887035,0.11190970603659854,-1.3698951974588265,-1.3698951974588265,0.6495346871961598,0.7179388246838009,-0.7391113197457021,-0.3079643250130709,0.055082945222644855,-0.20731813036183275,-0.10413434087170843,0.6635027763281319,0.8807035189082157,1.1789172416123943,1.3054529047448713,1.5550035110389369,2.0259107226634856,1.7608596737436548,0.8171581571010694,0.7350869485176879,0.5782240791128939,1.5120252818971072,1.1195744394336022,-0.25514945718168336,-1.3698951974588265,-1.3698951974588265,0.6410016021167061,0.38995431222895705,0.4079424284473989,0.2401468594103208,-1.2526014325543002,-1.3698951974588265,-1.1332625033911343,-0.6135014441006577,-0.4010501207747056,0.3922853743755572,0.810544080353723,0.8152069873617688,-0.6796968469092061,-1.1295893111223596,-1.3698951974588265,-1.3698951974588265,0.489663730917077,1.1070397123684077,1.176117877967296,0.6508694176063567,0.6552024157568899,-0.09563084355996468,-0.2832844459789519,0.09422623318924886,0.2694330649216785,-0.6739202471620634,-1.3698951974588265,-1.3698951974588265,-1.3698951974588265,-1.252052555777075,-1.3698951974588265,0.2330790637356527,0.6990854731038126,0.5571893792373921,-0.8391683097999524,-1.2480164145116694,-1.3698951974588265,-1.3698951974588265,0.4913160474478936,1.097336440295699,1.1873057120275383,0.6528879713822471,0.64987827228765,-0.2490164653739325,-1.3698951974588265,-0.07632648418533225,0.2619997607470297,-0.5613326282801171,-1.251169024458355,-1.3698951974588265,-1.3698951974588265,-1.1332894716976594,-1.3698951974588265,0.2672664145446668,0.6955169525550358,0.3795502132019192,-0.979799580147523,-1.2485380183051429,-1.3698951974588265,-1.131952114597407,0.4633064719286759,0.9817005817781248,1.2244870706779027,-0.2041193303265045,0.5709369722053593,-0.44289749512512777,-1.2524091164756057,-0.2426471736607441,0.4912382848229912,-0.5636671236347249,-1.1304377900678966,-1.3698951974588265,-1.3698951974588265,-1.130881200180638,-1.3698951974588265,0.3026460807407151,0.6920133141980539,0.3250864288458625,-1.1139134798963712,-1.2489664521553532,-1.3698951974588265,-0.8851109081208743,0.4431802528550181,0.910956165297446,1.1335658888106108,-0.39064558168962016,0.5255035942445592,-0.3387202197708987,-1.0131992412367283,0.1081959884079536,0.3954695382551929,-0.2538587169643785,-1.1340537846998406,-1.3698951974588265,-1.252149135344112,-0.7346689984483173,-0.4021865700783438,0.4113738419281312,0.7928831984169191,0.7291674308401388,-0.8283757979080916,-1.130285054152808,-1.3698951974588265,-1.0130389408166154,0.4636513924748615,0.9879337956788392,1.2222852729913107,-0.20386761545981485,0.5841466135538791,-0.42545484933138616,0.1873196503295252,-0.053997747382257835,0.38258337779786095,-0.6213610972653276,-1.014216368157033,-1.3698951974588265,-1.3698951974588265,-0.7382469627575354,-0.2829248052409966,0.4317649536636677,0.7751540574672179,0.5344039051579111,-0.9703962305785542,-1.1308517079733738,-1.3698951974588265,-0.8828342652699205,0.4449999923577841,0.9153064845973226,1.1352349629064444,-0.3911442276573075,0.5405786221881773,-0.3249664727406425,0.1921353420743084
